Image,Prediction
image10000.jpg,0
image10001.jpg,0
image10002.jpg,0
image10003.jpg,1
image10004.jpg,0
image10005.jpg,0
image10006.jpg,1
image10007.jpg,0
image10008.jpg,0
image10009.jpg,0
image10010.jpg,0
image10011.jpg,0
image10012.jpg,0
image10013.jpg,0
image10014.jpg,0
image10015.jpg,0
image10016.jpg,0
image10017.jpg,1
image10018.jpg,0
image10019.jpg,1
image10020.jpg,0
image10021.jpg,0
image10022.jpg,0
image10023.jpg,1
image10024.jpg,0
image10025.jpg,0
image10026.jpg,1
image10027.jpg,1
image10028.jpg,1
image10029.jpg,1
image10030.jpg,1
image10031.jpg,1
image10032.jpg,0
image10033.jpg,0
image10034.jpg,0
image10035.jpg,0
image10036.jpg,0
image10037.jpg,0
image10038.jpg,0
image10039.jpg,1
image10040.jpg,1
image10041.jpg,0
image10042.jpg,0
image10043.jpg,1
image10044.jpg,0
image10045.jpg,0
image10046.jpg,1
image10047.jpg,1
image10048.jpg,0
image10049.jpg,0
image10050.jpg,0
image10051.jpg,0
image10052.jpg,0
image10053.jpg,0
image10054.jpg,0
image10055.jpg,1
image10056.jpg,0
image10057.jpg,0
image10058.jpg,0
image10059.jpg,0
image10060.jpg,0
image10061.jpg,0
image10062.jpg,0
image10063.jpg,1
image10064.jpg,0
image10065.jpg,0
image10066.jpg,0
image10067.jpg,0
image10068.jpg,0
image10069.jpg,1
image10070.jpg,1
image10071.jpg,1
image10072.jpg,0
image10073.jpg,1
image10074.jpg,0
image10075.jpg,1
image10076.jpg,0
image10077.jpg,0
image10078.jpg,0
image10079.jpg,0
image10080.jpg,0
image10081.jpg,0
image10082.jpg,0
image10083.jpg,1
image10084.jpg,0
image10085.jpg,0
image10086.jpg,0
image10087.jpg,0
image10088.jpg,0
image10089.jpg,1
image10090.jpg,0
image10091.jpg,0
image10092.jpg,0
image10093.jpg,0
image10094.jpg,0
image10095.jpg,0
image10096.jpg,0
image10097.jpg,0
image10098.jpg,0
image10099.jpg,0
image10100.jpg,0
image10101.jpg,0
image10102.jpg,0
image10103.jpg,0
image10104.jpg,0
image10105.jpg,0
image10106.jpg,0
image10107.jpg,0
image10108.jpg,0
image10109.jpg,0
image10110.jpg,0
image10111.jpg,0
image10112.jpg,1
image10113.jpg,0
image10114.jpg,0
image10115.jpg,0
image10116.jpg,0
image10117.jpg,1
image10118.jpg,1
image10119.jpg,0
image10120.jpg,1
image10121.jpg,0
image10122.jpg,0
image10123.jpg,0
image10124.jpg,1
image10125.jpg,1
image10126.jpg,1
image10127.jpg,1
image10128.jpg,1
image10129.jpg,0
image10130.jpg,1
image10131.jpg,1
image10132.jpg,0
image10133.jpg,0
image10134.jpg,1
image10135.jpg,0
image10136.jpg,0
image10137.jpg,1
image10138.jpg,0
image10139.jpg,0
image10140.jpg,0
image10141.jpg,0
image10142.jpg,0
image10143.jpg,1
image10144.jpg,0
image10145.jpg,0
image10146.jpg,0
image10147.jpg,0
image10148.jpg,0
image10149.jpg,0
image10150.jpg,0
image10151.jpg,1
image10152.jpg,0
image10153.jpg,0
image10154.jpg,1
image10155.jpg,1
image10156.jpg,0
image10157.jpg,0
image10158.jpg,1
image10159.jpg,0
image10160.jpg,0
image10161.jpg,0
image10162.jpg,0
image10163.jpg,0
image10164.jpg,0
image10165.jpg,0
image10166.jpg,0
image10167.jpg,0
image10168.jpg,0
image10169.jpg,0
image10170.jpg,0
image10171.jpg,0
image10172.jpg,0
image10173.jpg,0
image10174.jpg,0
image10175.jpg,0
image10176.jpg,0
image10177.jpg,0
image10178.jpg,0
image10179.jpg,0
image10180.jpg,0
image10181.jpg,0
image10182.jpg,0
image10183.jpg,0
image10184.jpg,0
image10185.jpg,0
image10186.jpg,0
image10187.jpg,0
image10188.jpg,0
image10189.jpg,0
image10190.jpg,1
image10191.jpg,0
image10192.jpg,0
image10193.jpg,0
image10194.jpg,1
image10195.jpg,0
image10196.jpg,0
image10197.jpg,0
image10198.jpg,0
image10199.jpg,0
image10200.jpg,0
image10201.jpg,0
image10202.jpg,0
image10203.jpg,1
image10204.jpg,0
image10205.jpg,0
image10206.jpg,0
image10207.jpg,0
image10208.jpg,0
image10209.jpg,0
image10210.jpg,0
image10211.jpg,0
image10212.jpg,0
image10213.jpg,0
image10214.jpg,0
image10215.jpg,1
image10216.jpg,0
image10217.jpg,0
image10218.jpg,0
image10219.jpg,0
image10220.jpg,0
image10221.jpg,0
image10222.jpg,0
image10223.jpg,1
image10224.jpg,0
image10225.jpg,0
image10226.jpg,0
image10227.jpg,0
image10228.jpg,0
image10229.jpg,0
image10230.jpg,0
image10231.jpg,0
image10232.jpg,0
image10233.jpg,0
image10234.jpg,0
image10235.jpg,0
image10236.jpg,0
image10237.jpg,0
image10238.jpg,0
image10239.jpg,1
image10240.jpg,0
image10241.jpg,0
image10242.jpg,0
image10243.jpg,0
image10244.jpg,0
image10245.jpg,0
image10246.jpg,0
image10247.jpg,0
image10248.jpg,0
image10249.jpg,0
image10250.jpg,0
image10251.jpg,0
image10252.jpg,0
image10253.jpg,0
image10254.jpg,0
image10255.jpg,0
image10256.jpg,0
image10257.jpg,0
image10258.jpg,0
image10259.jpg,0
image10260.jpg,0
image10261.jpg,0
image10262.jpg,0
image10263.jpg,0
image10264.jpg,0
image10265.jpg,1
image10266.jpg,0
image10267.jpg,0
image10268.jpg,0
image10269.jpg,0
image10270.jpg,0
image10271.jpg,0
image10272.jpg,0
image10273.jpg,0
image10274.jpg,0
image10275.jpg,1
image10276.jpg,0
image10277.jpg,0
image10278.jpg,0
image10279.jpg,0
image10280.jpg,0
image10281.jpg,0
image10282.jpg,0
image10283.jpg,0
image10284.jpg,0
image10285.jpg,0
image10286.jpg,0
image10287.jpg,1
image10288.jpg,0
image10289.jpg,0
image10290.jpg,0
image10291.jpg,0
image10292.jpg,1
image10293.jpg,0
image10294.jpg,0
image10295.jpg,0
image10296.jpg,0
image10297.jpg,0
image10298.jpg,0
image10299.jpg,0
image10300.jpg,0
image10301.jpg,1
image10302.jpg,0
image10303.jpg,0
image10304.jpg,1
image10305.jpg,0
image10306.jpg,0
image10307.jpg,0
image10308.jpg,0
image10309.jpg,0
image10310.jpg,0
image10311.jpg,0
image10312.jpg,0
image10313.jpg,0
image10314.jpg,0
image10315.jpg,0
image10316.jpg,0
image10317.jpg,1
image10318.jpg,0
image10319.jpg,0
image10320.jpg,0
image10321.jpg,0
image10322.jpg,0
image10323.jpg,0
image10324.jpg,0
image10325.jpg,0
image10326.jpg,1
image10327.jpg,1
image10328.jpg,0
image10329.jpg,0
image10330.jpg,0
image10331.jpg,0
image10332.jpg,0
image10333.jpg,0
image10334.jpg,0
image10335.jpg,1
image10336.jpg,0
image10337.jpg,1
image10338.jpg,0
image10339.jpg,0
image10340.jpg,1
image10341.jpg,0
image10342.jpg,0
image10343.jpg,0
image10344.jpg,1
image10345.jpg,0
image10346.jpg,0
image10347.jpg,0
image10348.jpg,0
image10349.jpg,0
image10350.jpg,0
image10351.jpg,1
image10352.jpg,0
image10353.jpg,0
image10354.jpg,0
image10355.jpg,0
image10356.jpg,0
image10357.jpg,0
image10358.jpg,1
image10359.jpg,0
image10360.jpg,1
image10361.jpg,0
image10362.jpg,0
image10363.jpg,1
image10364.jpg,0
image10365.jpg,1
image10366.jpg,0
image10367.jpg,1
image10368.jpg,0
image10369.jpg,0
image10370.jpg,0
image10371.jpg,1
image10372.jpg,0
image10373.jpg,0
image10374.jpg,0
image10375.jpg,0
image10376.jpg,0
image10377.jpg,0
image10378.jpg,0
image10379.jpg,0
image10380.jpg,0
image10381.jpg,0
image10382.jpg,1
image10383.jpg,0
image10384.jpg,0
image10385.jpg,0
image10386.jpg,0
image10387.jpg,1
image10388.jpg,0
image10389.jpg,0
image10390.jpg,0
image10391.jpg,0
image10392.jpg,0
image10393.jpg,0
image10394.jpg,1
image10395.jpg,0
image10396.jpg,1
image10397.jpg,0
image10398.jpg,0
image10399.jpg,0
image10400.jpg,0
image10401.jpg,0
image10402.jpg,0
image10403.jpg,0
image10404.jpg,0
image10405.jpg,0
image10406.jpg,0
image10407.jpg,0
image10408.jpg,0
image10409.jpg,0
image10410.jpg,1
image10411.jpg,0
image10412.jpg,0
image10413.jpg,0
image10414.jpg,0
image10415.jpg,0
image10416.jpg,0
image10417.jpg,1
image10418.jpg,0
image10419.jpg,0
image10420.jpg,0
image10421.jpg,1
image10422.jpg,0
image10423.jpg,0
image10424.jpg,0
image10425.jpg,0
image10426.jpg,0
image10427.jpg,0
image10428.jpg,0
image10429.jpg,0
image10430.jpg,0
image10431.jpg,0
image10432.jpg,0
image10433.jpg,0
image10434.jpg,0
image10435.jpg,0
image10436.jpg,0
image10437.jpg,0
image10438.jpg,0
image10439.jpg,0
image10440.jpg,1
image10441.jpg,0
image10442.jpg,0
image10443.jpg,0
image10444.jpg,0
image10445.jpg,0
image10446.jpg,0
image10447.jpg,0
image10448.jpg,0
image10449.jpg,0
image10450.jpg,0
image10451.jpg,0
image10452.jpg,0
image10453.jpg,0
image10454.jpg,0
image10455.jpg,0
image10456.jpg,1
image10457.jpg,0
image10458.jpg,0
image10459.jpg,0
image10460.jpg,0
image10461.jpg,0
image10462.jpg,1
image10463.jpg,0
image10464.jpg,0
image10465.jpg,0
image10466.jpg,0
image10467.jpg,0
image10468.jpg,0
image10469.jpg,0
image10470.jpg,0
image10471.jpg,0
image10472.jpg,0
image10473.jpg,0
image10474.jpg,0
image10475.jpg,0
image10476.jpg,0
image10477.jpg,1
image10478.jpg,0
image10479.jpg,1
image10480.jpg,1
image10481.jpg,0
image10482.jpg,1
image10483.jpg,0
image10484.jpg,1
image10485.jpg,0
image10486.jpg,0
image10487.jpg,0
image10488.jpg,1
image10489.jpg,0
image10490.jpg,0
image10491.jpg,1
image10492.jpg,0
image10493.jpg,0
image10494.jpg,0
image10495.jpg,0
image10496.jpg,0
image10497.jpg,0
image10498.jpg,0
image10499.jpg,0
image10500.jpg,0
image10501.jpg,0
image10502.jpg,0
image10503.jpg,0
image10504.jpg,0
image10505.jpg,0
image10506.jpg,0
image10507.jpg,0
image10508.jpg,0
image10509.jpg,0
image10510.jpg,0
image10511.jpg,0
image10512.jpg,1
image10513.jpg,1
image10514.jpg,0
image10515.jpg,0
image10516.jpg,0
image10517.jpg,0
image10518.jpg,0
image10519.jpg,0
image10520.jpg,0
image10521.jpg,0
image10522.jpg,0
image10523.jpg,0
image10524.jpg,1
image10525.jpg,0
image10526.jpg,0
image10527.jpg,1
image10528.jpg,0
image10529.jpg,0
image10530.jpg,0
image10531.jpg,0
image10532.jpg,1
image10533.jpg,0
image10534.jpg,0
image10535.jpg,0
image10536.jpg,0
image10537.jpg,0
image10538.jpg,0
image10539.jpg,0
image10540.jpg,0
image10541.jpg,0
image10542.jpg,0
image10543.jpg,0
image10544.jpg,0
image10545.jpg,0
image10546.jpg,0
image10547.jpg,0
image10548.jpg,0
image10549.jpg,0
image10550.jpg,0
image10551.jpg,0
image10552.jpg,1
image10553.jpg,1
image10554.jpg,0
image10555.jpg,0
image10556.jpg,0
image10557.jpg,0
image10558.jpg,0
image10559.jpg,0
image10560.jpg,1
image10561.jpg,0
image10562.jpg,0
image10563.jpg,1
image10564.jpg,0
image10565.jpg,0
image10566.jpg,0
image10567.jpg,0
image10568.jpg,0
image10569.jpg,0
image10570.jpg,0
image10571.jpg,0
image10572.jpg,0
image10573.jpg,0
image10574.jpg,0
image10575.jpg,0
image10576.jpg,0
image10577.jpg,0
image10578.jpg,0
image10579.jpg,0
image10580.jpg,0
image10581.jpg,0
image10582.jpg,0
image10583.jpg,0
image10584.jpg,0
image10585.jpg,0
image10586.jpg,0
image10587.jpg,0
image10588.jpg,1
image10589.jpg,0
image10590.jpg,0
image10591.jpg,0
image10592.jpg,0
image10593.jpg,0
image10594.jpg,1
image10595.jpg,0
image10596.jpg,0
image10597.jpg,0
image10598.jpg,0
image10599.jpg,0
image10600.jpg,0
image10601.jpg,0
image10602.jpg,0
image10603.jpg,0
image10604.jpg,0
image10605.jpg,0
image10606.jpg,0
image10607.jpg,0
image10608.jpg,0
image10609.jpg,0
image10610.jpg,0
image10611.jpg,0
image10612.jpg,0
image10613.jpg,1
image10614.jpg,0
image10615.jpg,0
image10616.jpg,0
image10617.jpg,0
image10618.jpg,0
image10619.jpg,0
image10620.jpg,0
image10621.jpg,0
image10622.jpg,0
image10623.jpg,0
image10624.jpg,0
image10625.jpg,0
image10626.jpg,0
image10627.jpg,0
image10628.jpg,0
image10629.jpg,0
image10630.jpg,0
image10631.jpg,0
image10632.jpg,0
image10633.jpg,0
image10634.jpg,0
image10635.jpg,0
image10636.jpg,0
image10637.jpg,0
image10638.jpg,0
image10639.jpg,0
image10640.jpg,0
image10641.jpg,0
image10642.jpg,0
image10643.jpg,0
image10644.jpg,0
image10645.jpg,0
image10646.jpg,0
image10647.jpg,0
image10648.jpg,0
image10649.jpg,0
image10650.jpg,0
image10651.jpg,0
image10652.jpg,0
image10653.jpg,0
image10654.jpg,0
image10655.jpg,0
image10656.jpg,0
image10657.jpg,0
image10658.jpg,0
image10659.jpg,0
image10660.jpg,0
image10661.jpg,0
image10662.jpg,0
image10663.jpg,0
image10664.jpg,0
image10665.jpg,0
image10666.jpg,0
image10667.jpg,0
image10668.jpg,0
image10669.jpg,0
image10670.jpg,0
image10671.jpg,0
image10672.jpg,0
image10673.jpg,0
image10674.jpg,0
image10675.jpg,0
image10676.jpg,0
image10677.jpg,0
image10678.jpg,0
image10679.jpg,0
image10680.jpg,0
image10681.jpg,0
image10682.jpg,0
image10683.jpg,0
image10684.jpg,0
image10685.jpg,0
image10686.jpg,0
image10687.jpg,0
image10688.jpg,0
image10689.jpg,0
image10690.jpg,0
image10691.jpg,0
image10692.jpg,0
image10693.jpg,0
image10694.jpg,1
image10695.jpg,0
image10696.jpg,0
image10697.jpg,0
image10698.jpg,0
image10699.jpg,0
image10700.jpg,0
image10701.jpg,0
image10702.jpg,0
image10703.jpg,0
image10704.jpg,0
image10705.jpg,0
image10706.jpg,0
image10707.jpg,0
image10708.jpg,0
image10709.jpg,0
image10710.jpg,0
image10711.jpg,0
image10712.jpg,0
image10713.jpg,0
image10714.jpg,0
image10715.jpg,0
image10716.jpg,0
image10717.jpg,0
image10718.jpg,0
image10719.jpg,0
image10720.jpg,0
image10721.jpg,0
image10722.jpg,0
image10723.jpg,0
image10724.jpg,0
image10725.jpg,0
image10726.jpg,0
image10727.jpg,0
image10728.jpg,0
image10729.jpg,0
image10730.jpg,0
image10731.jpg,0
image10732.jpg,0
image10733.jpg,1
image10734.jpg,0
image10735.jpg,0
image10736.jpg,0
image10737.jpg,0
image10738.jpg,0
image10739.jpg,0
image10740.jpg,0
image10741.jpg,1
image10742.jpg,0
image10743.jpg,0
image10744.jpg,0
image10745.jpg,0
image10746.jpg,0
image10747.jpg,0
image10748.jpg,0
image10749.jpg,0
image10750.jpg,0
image10751.jpg,0
image10752.jpg,0
image10753.jpg,0
image10754.jpg,0
image10755.jpg,0
image10756.jpg,0
image10757.jpg,0
image10758.jpg,0
image10759.jpg,0
image10760.jpg,0
image10761.jpg,0
image10762.jpg,0
image10763.jpg,0
image10764.jpg,0
image10765.jpg,0
image10766.jpg,0
image10767.jpg,0
image10768.jpg,0
image10769.jpg,0
image10770.jpg,0
image10771.jpg,0
image10772.jpg,0
image10773.jpg,0
image10774.jpg,0
image10775.jpg,0
image10776.jpg,0
image10777.jpg,0
image10778.jpg,0
image10779.jpg,0
image10780.jpg,0
image10781.jpg,0
image10782.jpg,0
image10783.jpg,0
image10784.jpg,0
image10785.jpg,0
image10786.jpg,0
image10787.jpg,0
image10788.jpg,0
image10789.jpg,0
image10790.jpg,0
image10791.jpg,0
image10792.jpg,0
image10793.jpg,0
image10794.jpg,0
image10795.jpg,0
image10796.jpg,0
image10797.jpg,0
image10798.jpg,0
image10799.jpg,0
image10800.jpg,0
image10801.jpg,0
image10802.jpg,0
image10803.jpg,0
image10804.jpg,0
image10805.jpg,0
image10806.jpg,0
image10807.jpg,0
image10808.jpg,0
image10809.jpg,0
image10810.jpg,0
image10811.jpg,0
image10812.jpg,0
image10813.jpg,0
image10814.jpg,0
image10815.jpg,0
image10816.jpg,0
image10817.jpg,0
image10818.jpg,1
image10819.jpg,0
image10820.jpg,0
image10821.jpg,0
image10822.jpg,0
image10823.jpg,0
image10824.jpg,0
image10825.jpg,0
image10826.jpg,0
image10827.jpg,0
image10828.jpg,0
image10829.jpg,0
image10830.jpg,0
image10831.jpg,0
image10832.jpg,0
image10833.jpg,0
image10834.jpg,0
image10835.jpg,0
image10836.jpg,0
image10837.jpg,0
image10838.jpg,0
image10839.jpg,0
image10840.jpg,0
image10841.jpg,0
image10842.jpg,0
image10843.jpg,0
image10844.jpg,0
image10845.jpg,0
image10846.jpg,0
image10847.jpg,0
image10848.jpg,0
image10849.jpg,0
image10850.jpg,0
image10851.jpg,0
image10852.jpg,0
image10853.jpg,0
image10854.jpg,0
image10855.jpg,0
image10856.jpg,0
image10857.jpg,0
image10858.jpg,0
image10859.jpg,0
image10860.jpg,0
image10861.jpg,0
image10862.jpg,0
image10863.jpg,0
image10864.jpg,0
image10865.jpg,0
image10866.jpg,0
image10867.jpg,1
image10868.jpg,0
image10869.jpg,0
image10870.jpg,0
image10871.jpg,0
image10872.jpg,0
image10873.jpg,0
image10874.jpg,0
image10875.jpg,0
image10876.jpg,0
image10877.jpg,0
image10878.jpg,0
image10879.jpg,0
image10880.jpg,0
image10881.jpg,0
image10882.jpg,0
image10883.jpg,0
image10884.jpg,0
image10885.jpg,0
image10886.jpg,0
image10887.jpg,1
image10888.jpg,0
image10889.jpg,0
image10890.jpg,0
image10891.jpg,0
image10892.jpg,0
image10893.jpg,0
image10894.jpg,0
image10895.jpg,0
image10896.jpg,0
image10897.jpg,0
image10898.jpg,0
image10899.jpg,0
image10900.jpg,0
image10901.jpg,0
image10902.jpg,0
image10903.jpg,0
image10904.jpg,0
image10905.jpg,0
image10906.jpg,0
image10907.jpg,0
image10908.jpg,0
image10909.jpg,0
image10910.jpg,0
image10911.jpg,0
image10912.jpg,0
image10913.jpg,0
image10914.jpg,0
image10915.jpg,0
image10916.jpg,0
image10917.jpg,0
image10918.jpg,0
image10919.jpg,0
image10920.jpg,0
image10921.jpg,0
image10922.jpg,0
image10923.jpg,0
image10924.jpg,0
image10925.jpg,0
image10926.jpg,0
image10927.jpg,0
image10928.jpg,0
image10929.jpg,0
image10930.jpg,0
image10931.jpg,0
image10932.jpg,0
image10933.jpg,0
image10934.jpg,0
image10935.jpg,0
image10936.jpg,0
image10937.jpg,0
image10938.jpg,0
image10939.jpg,0
image10940.jpg,0
image10941.jpg,0
image10942.jpg,0
image10943.jpg,0
image10944.jpg,0
image10945.jpg,0
image10946.jpg,0
image10947.jpg,0
image10948.jpg,0
image10949.jpg,0
image10950.jpg,0
image10951.jpg,0
image10952.jpg,0
image10953.jpg,0
image10954.jpg,0
image10955.jpg,0
image10956.jpg,0
image10957.jpg,0
image10958.jpg,0
image10959.jpg,0
image10960.jpg,0
image10961.jpg,0
image10962.jpg,0
image10963.jpg,0
image10964.jpg,0
image10965.jpg,0
image10966.jpg,0
image10967.jpg,0
image10968.jpg,0
image10969.jpg,0
image10970.jpg,0
image10971.jpg,0
image10972.jpg,0
image10973.jpg,0
image10974.jpg,0
image10975.jpg,0
image10976.jpg,0
image10977.jpg,0
image10978.jpg,0
image10979.jpg,0
image10980.jpg,0
image10981.jpg,0
image10982.jpg,0
image10983.jpg,0
image10984.jpg,0
image10985.jpg,0
image10986.jpg,0
image10987.jpg,0
image10988.jpg,0
image10989.jpg,0
image10990.jpg,0
image10991.jpg,0
image10992.jpg,0
image10993.jpg,0
image10994.jpg,0
image10995.jpg,1
image10996.jpg,0
image10997.jpg,0
image10998.jpg,0
image10999.jpg,0
image11000.jpg,0
image11001.jpg,0
image11002.jpg,0
image11003.jpg,0
image11004.jpg,1
image11005.jpg,0
image11006.jpg,0
image11007.jpg,1
image11008.jpg,0
image11009.jpg,0
image11010.jpg,0
image11011.jpg,1
image11012.jpg,0
image11013.jpg,0
image11014.jpg,0
image11015.jpg,0
image11016.jpg,0
image11017.jpg,0
image11018.jpg,0
image11019.jpg,0
image11020.jpg,0
image11021.jpg,0
image11022.jpg,0
image11023.jpg,0
image11024.jpg,0
image11025.jpg,0
image11026.jpg,0
image11027.jpg,0
image11028.jpg,0
image11029.jpg,0
image11030.jpg,0
image11031.jpg,0
image11032.jpg,0
image11033.jpg,0
image11034.jpg,1
image11035.jpg,0
image11036.jpg,0
image11037.jpg,0
image11038.jpg,0
image11039.jpg,0
image11040.jpg,0
image11041.jpg,0
image11042.jpg,0
image11043.jpg,0
image11044.jpg,0
image11045.jpg,0
image11046.jpg,0
image11047.jpg,0
image11048.jpg,0
image11049.jpg,0
image11050.jpg,0
image11051.jpg,0
image11052.jpg,0
image11053.jpg,0
image11054.jpg,0
image11055.jpg,0
image11056.jpg,0
image11057.jpg,0
image11058.jpg,0
image11059.jpg,0
image11060.jpg,0
image11061.jpg,0
image11062.jpg,0
image11063.jpg,0
image11064.jpg,0
image11065.jpg,0
image11066.jpg,0
image11067.jpg,0
image11068.jpg,0
image11069.jpg,0
image11070.jpg,0
image11071.jpg,0
image11072.jpg,0
image11073.jpg,0
image11074.jpg,0
image11075.jpg,0
image11076.jpg,0
image11077.jpg,0
image11078.jpg,0
image11079.jpg,0
image11080.jpg,0
image11081.jpg,0
image11082.jpg,0
image11083.jpg,0
image11084.jpg,0
image11085.jpg,0
image11086.jpg,0
image11087.jpg,0
image11088.jpg,0
image11089.jpg,0
image11090.jpg,0
image11091.jpg,0
image11092.jpg,0
image11093.jpg,0
image11094.jpg,0
image11095.jpg,0
image11096.jpg,0
image11097.jpg,0
image11098.jpg,0
image11099.jpg,0
image11100.jpg,0
image11101.jpg,0
image11102.jpg,0
image11103.jpg,0
image11104.jpg,0
image11105.jpg,0
image11106.jpg,0
image11107.jpg,0
image11108.jpg,0
image11109.jpg,0
image11110.jpg,0
image11111.jpg,0
image11112.jpg,0
image11113.jpg,0
image11114.jpg,0
image11115.jpg,0
image11116.jpg,0
image11117.jpg,0
image11118.jpg,0
image11119.jpg,0
image11120.jpg,0
image11121.jpg,0
image11122.jpg,0
image11123.jpg,0
image11124.jpg,0
image11125.jpg,0
image11126.jpg,0
image11127.jpg,0
image11128.jpg,0
image11129.jpg,0
image11130.jpg,0
image11131.jpg,0
image11132.jpg,0
image11133.jpg,0
image11134.jpg,0
image11135.jpg,0
image11136.jpg,0
image11137.jpg,0
image11138.jpg,0
image11139.jpg,0
image11140.jpg,0
image11141.jpg,0
image11142.jpg,0
image11143.jpg,0
image11144.jpg,0
image11145.jpg,0
image11146.jpg,0
image11147.jpg,0
image11148.jpg,0
image11149.jpg,0
image11150.jpg,0
image11151.jpg,0
image11152.jpg,0
image11153.jpg,0
image11154.jpg,0
image11155.jpg,0
image11156.jpg,0
image11157.jpg,0
image11158.jpg,0
image11159.jpg,0
image11160.jpg,0
image11161.jpg,0
image11162.jpg,0
image11163.jpg,0
image11164.jpg,0
image11165.jpg,0
image11166.jpg,0
image11167.jpg,0
image11168.jpg,0
image11169.jpg,0
image11170.jpg,0
image11171.jpg,0
image11172.jpg,0
image11173.jpg,0
image11174.jpg,0
image11175.jpg,0
image11176.jpg,0
image11177.jpg,0
image11178.jpg,0
image11179.jpg,0
image11180.jpg,0
image11181.jpg,0
image11182.jpg,0
image11183.jpg,0
image11184.jpg,0
image11185.jpg,0
image11186.jpg,0
image11187.jpg,0
image11188.jpg,0
image11189.jpg,0
image11190.jpg,0
image11191.jpg,0
image11192.jpg,0
image11193.jpg,0
image11194.jpg,0
image11195.jpg,0
image11196.jpg,0
image11197.jpg,0
image11198.jpg,0
image11199.jpg,0
image11200.jpg,0
image11201.jpg,0
image11202.jpg,0
image11203.jpg,0
image11204.jpg,0
image11205.jpg,0
image11206.jpg,0
image11207.jpg,0
image11208.jpg,0
image11209.jpg,0
image11210.jpg,0
image11211.jpg,0
image11212.jpg,0
image11213.jpg,0
image11214.jpg,0
image11215.jpg,0
image11216.jpg,0
image11217.jpg,0
image11218.jpg,0
image11219.jpg,0
image11220.jpg,0
image11221.jpg,0
image11222.jpg,0
image11223.jpg,0
image11224.jpg,0
image11225.jpg,0
image11226.jpg,0
image11227.jpg,0
image11228.jpg,0
image11229.jpg,0
image11230.jpg,0
image11231.jpg,0
image11232.jpg,0
image11233.jpg,0
image11234.jpg,0
image11235.jpg,0
image11236.jpg,0
image11237.jpg,0
image11238.jpg,0
image11239.jpg,0
image11240.jpg,0
image11241.jpg,0
image11242.jpg,0
image11243.jpg,0
image11244.jpg,1
image11245.jpg,0
image11246.jpg,0
image11247.jpg,0
image11248.jpg,0
image11249.jpg,1
image11250.jpg,0
image11251.jpg,1
image11252.jpg,0
image11253.jpg,0
image11254.jpg,0
image11255.jpg,0
image11256.jpg,0
image11257.jpg,0
image11258.jpg,0
image11259.jpg,1
image11260.jpg,0
image11261.jpg,0
image11262.jpg,0
image11263.jpg,0
image11264.jpg,0
image11265.jpg,0
image11266.jpg,1
image11267.jpg,0
image11268.jpg,0
image11269.jpg,0
image11270.jpg,0
image11271.jpg,0
image11272.jpg,0
image11273.jpg,0
image11274.jpg,0
image11275.jpg,1
image11276.jpg,0
image11277.jpg,0
image11278.jpg,0
image11279.jpg,0
image11280.jpg,0
image11281.jpg,0
image11282.jpg,1
image11283.jpg,1
image11284.jpg,0
image11285.jpg,0
image11286.jpg,0
image11287.jpg,0
image11288.jpg,0
image11289.jpg,0
image11290.jpg,0
image11291.jpg,0
image11292.jpg,1
image11293.jpg,0
image11294.jpg,0
image11295.jpg,0
image11296.jpg,1
image11297.jpg,0
image11298.jpg,0
image11299.jpg,0
image11300.jpg,0
image11301.jpg,0
image11302.jpg,0
image11303.jpg,0
image11304.jpg,0
image11305.jpg,0
image11306.jpg,0
image11307.jpg,1
image11308.jpg,1
image11309.jpg,0
image11310.jpg,1
image11311.jpg,0
image11312.jpg,0
image11313.jpg,0
image11314.jpg,1
image11315.jpg,0
image11316.jpg,0
image11317.jpg,0
image11318.jpg,1
image11319.jpg,0
image11320.jpg,0
image11321.jpg,0
image11322.jpg,1
image11323.jpg,0
image11324.jpg,0
image11325.jpg,0
image11326.jpg,0
image11327.jpg,0
image11328.jpg,0
image11329.jpg,0
image11330.jpg,0
image11331.jpg,0
image11332.jpg,1
image11333.jpg,0
image11334.jpg,0
image11335.jpg,1
image11336.jpg,0
image11337.jpg,0
image11338.jpg,0
image11339.jpg,0
image11340.jpg,0
image11341.jpg,0
image11342.jpg,0
image11343.jpg,0
image11344.jpg,0
image11345.jpg,0
image11346.jpg,0
image11347.jpg,0
image11348.jpg,0
image11349.jpg,0
image11350.jpg,0
image11351.jpg,0
image11352.jpg,0
image11353.jpg,0
image11354.jpg,0
image11355.jpg,1
image11356.jpg,0
image11357.jpg,0
image11358.jpg,0
image11359.jpg,0
image11360.jpg,0
image11361.jpg,0
image11362.jpg,0
image11363.jpg,0
image11364.jpg,1
image11365.jpg,1
image11366.jpg,0
image11367.jpg,1
image11368.jpg,0
image11369.jpg,0
image11370.jpg,0
image11371.jpg,0
image11372.jpg,1
image11373.jpg,0
image11374.jpg,0
image11375.jpg,0
image11376.jpg,0
image11377.jpg,0
image11378.jpg,0
image11379.jpg,1
image11380.jpg,0
image11381.jpg,0
image11382.jpg,1
image11383.jpg,0
image11384.jpg,1
image11385.jpg,0
image11386.jpg,1
image11387.jpg,0
image11388.jpg,0
image11389.jpg,0
image11390.jpg,1
image11391.jpg,0
image11392.jpg,0
image11393.jpg,0
image11394.jpg,0
image11395.jpg,0
image11396.jpg,1
image11397.jpg,0
image11398.jpg,0
image11399.jpg,0
image11400.jpg,0
image11401.jpg,0
image11402.jpg,0
image11403.jpg,0
image11404.jpg,0
image11405.jpg,0
image11406.jpg,0
image11407.jpg,0
image11408.jpg,0
image11409.jpg,1
image11410.jpg,0
image11411.jpg,0
image11412.jpg,0
image11413.jpg,1
image11414.jpg,0
image11415.jpg,0
image11416.jpg,0
image11417.jpg,0
image11418.jpg,0
image11419.jpg,0
image11420.jpg,1
image11421.jpg,0
image11422.jpg,0
image11423.jpg,0
image11424.jpg,1
image11425.jpg,1
image11426.jpg,0
image11427.jpg,0
image11428.jpg,0
image11429.jpg,0
image11430.jpg,1
image11431.jpg,0
image11432.jpg,0
image11433.jpg,1
image11434.jpg,0
image11435.jpg,0
image11436.jpg,1
image11437.jpg,0
image11438.jpg,1
image11439.jpg,0
image11440.jpg,0
image11441.jpg,1
image11442.jpg,0
image11443.jpg,0
image11444.jpg,0
image11445.jpg,0
image11446.jpg,1
image11447.jpg,0
image11448.jpg,0
image11449.jpg,0
image11450.jpg,1
image11451.jpg,0
image11452.jpg,0
image11453.jpg,0
image11454.jpg,0
image11455.jpg,1
image11456.jpg,1
image11457.jpg,0
image11458.jpg,1
image11459.jpg,0
image11460.jpg,0
image11461.jpg,0
image11462.jpg,0
image11463.jpg,0
image11464.jpg,0
image11465.jpg,0
image11466.jpg,0
image11467.jpg,0
